--------------------------------------------------------
--  파일이 생성됨 - 목요일-11월-21-2024   
--------------------------------------------------------
--------------------------------------------------------
--  DDL for Table BOARD
--------------------------------------------------------

  CREATE TABLE "BOARD" ("BOARD_NUM" NUMBER, "BOARD_WRITER" VARCHAR2(50), "BOARD_SUBJECT" VARCHAR2(100), "BOARD_CONTENT" VARCHAR2(2000));
--------------------------------------------------------
--  DDL for Table CART
--------------------------------------------------------

  CREATE TABLE CART (
    MEMBER_NUM VARCHAR2(50)
  , GOODS_NUM VARCHAR2(50)
  , CART_DATE DATE
  , CART_QTY NUMBER
  , CART_NUM NUMBER GENERATED ALWAYS AS IDENTITY MINVALUE 1 MAXVALUE 99999999 INCREMENT BY 1 START WITH 1 CACHE 20 );
--------------------------------------------------------
--  DDL for Table DELIVERY
--------------------------------------------------------

  CREATE TABLE "DELIVERY" ("PURCHASE_NUM" VARCHAR2(50), "DELIVERY_NUM" VARCHAR2(50), "DELIVERY_DATE" DATE, "DELIVERY_STATUS" VARCHAR2(50));
--------------------------------------------------------
--  DDL for Table EMPLOYEES
--------------------------------------------------------

  CREATE TABLE "EMPLOYEES" (
  "EMP_NUM" VARCHAR2(50)
  , "EMP_ID" VARCHAR2(50)
  , "EMP_PW" VARCHAR2(255)
  , "EMP_NAME" VARCHAR2(50)
  , "EMP_ADDR" VARCHAR2(255)
  , "EMP_ADDR_DETAIL" VARCHAR2(255)
  , "EMP_POST" NUMBER(*,0)
  , "EMP_PHONE" VARCHAR2(30)
  , "EMP_JUMIN" VARCHAR2(13)
  , "EMP_EMAIL" VARCHAR2(40)
  , "EMP_HIRE_DATE" DATE
  , "EMP_IMAGE" VARCHAR2(255));
--------------------------------------------------------
--  DDL for Table GOODS
--------------------------------------------------------

  CREATE TABLE "GOODS" (
  "GOODS_NUM" VARCHAR2(50)
  , "GOODS_NAME" VARCHAR2(50)
  , "GOODS_PRICE" NUMBER(*,0)
  , "GOODS_CONTENTS" VARCHAR2(2000)
  , "VISIT_COUNT" NUMBER
  , "GOODS_MAIN_IMAGE" VARCHAR2(255)
  , "GOODS_MAIN_STORE_IMAGE" VARCHAR2(255)
  , "GOODS_DETAIL_IMAGE" VARCHAR2(2000)
  , "GOODS_DETAIL_STORE_IMAGE" VARCHAR2(2000)
  , "EMP_NUM" VARCHAR2(50)
  , "GOODS_REGIST" DATE
  , "UPDATE_EMP_NUM" VARCHAR2(50));
  -----------------------
--  DDL for Table GOODS_IPGO
--------------------------------------------------------

  CREATE TABLE "GOODS_IPGO" (
  "GOODS_NUM" VARCHAR2(50)
  , "IPGO_NUM" VARCHAR2(50)
  , "IPGO_QTY" NUMBER(*,0)
  , "IPGO_DATE" DATE
  , "MADE_DATE" DATE
  , "IPGO_PRICE" NUMBER
  , "EMP_NUM" VARCHAR2(50));
--------------------------------------------------------
--  DDL for Table INQUIRE
--------------------------------------------------------

  CREATE TABLE "INQUIRE" (
  "INQUIRE_NUM" NUMBER
  , "MEMBER_NUM" VARCHAR2(50)
  , "GOODS_NUM" VARCHAR2(50)
  , "INQUIRE_SUBJECT" VARCHAR2(255)
  , "INQUIRE_CONTENTS" VARCHAR2(2000)
  , "INQUIRE_KIND" VARCHAR2(50)
  , "INQUIRE_DATE" DATE
  , "INQUIRE_ANSWER" VARCHAR2(2000)
  , "INQUIRE_ANSWER_DATE" DATE
  , "EMP_NUM" VARCHAR2(50));
--------------------------------------------------------
--  DDL for Table MEMBERS
--------------------------------------------------------

  CREATE TABLE "MEMBERS" (
  "MEMBER_NUM" VARCHAR2(50)
  , "MEMBER_NAME" VARCHAR2(50)
  , "MEMBER_ID" VARCHAR2(50)
  , "MEMBER_PW" VARCHAR2(255)
  , "MEMBER_ADDR" VARCHAR2(255)
  , "MEMBER_ADDR_DETAIL" VARCHAR2(255)
  , "MEMBER_POST" NUMBER
  , "MEMBER_REGIST" DATE
  , "GENDER" CHAR(1)
  , "MEMBER_PHONE1" VARCHAR2(30)
  , "MEMBER_PHONE2" VARCHAR2(30)
  , "MEMBER_EMAIL" VARCHAR2(40)
  , "MEMBER_BIRTH" DATE
  , "MEMBER_POINT" NUMBER
  , "MEMBER_EMAIL_CONF" CHAR(1));
--------------------------------------------------------
--  DDL for Table PAYMENT
--------------------------------------------------------

  CREATE TABLE "PAYMENT" (
  "PURCHASE_NUM" VARCHAR2(50)
  , "CONFIRMNUMBER" VARCHAR2(50)
  , "CARDNUM" VARCHAR2(50)
  , "TID" VARCHAR2(50)
  , "TOTALPRICE" NUMBER
  , "RESULTMESSAGE" VARCHAR2(2000)
  , "PAYMETHOD" VARCHAR2(50)
  , "APPLDATE" VARCHAR2(50)
  , "APPTIME" VARCHAR2(50));
--------------------------------------------------------
--  DDL for Table PURCHASE
--------------------------------------------------------

  CREATE TABLE "PURCHASE" (
  "PURCHASE_NUM" VARCHAR2(50)
  , "PURCHASE_DATE" DATE
  , "PURCHASE_PRICE" NUMBER
  , "DELIVERY_ADDR" VARCHAR2(255)
  , "DELIVERY_ADDR_DETAIL" VARCHAR2(255)
  , "DELIVERY_POST" NUMBER
  , "DELIVERY_PHONE" VARCHAR2(30)
  , "MESSAGE" VARCHAR2(255)
  , "PURCHASE_STATUS" VARCHAR2(50)
  , "MEMBER_NUM" VARCHAR2(50)
  , "DELIVERY_NAME" VARCHAR2(50)
  , "PURCHASE_NAME" VARCHAR2(100));
--------------------------------------------------------
--  DDL for Table PURCHASE_LIST
--------------------------------------------------------

  CREATE TABLE "PURCHASE_LIST" (
  "GOODS_NUM" VARCHAR2(50)
  , "PURCHASE_NUM" VARCHAR2(50)
  , "PURCHASE_QTY" NUMBER
  , "GOODS_UNIT_PRICE" NUMBER);
--------------------------------------------------------
--  DDL for Table RETIRED
--------------------------------------------------------

  CREATE TABLE "RETIRED" (
  "EMP_NUM" VARCHAR2(50)
  , "RETIRED_DATE" DATE
  , "REASON" VARCHAR2(2000)
  , "JOB_TITLE" VARCHAR2(2000));
--------------------------------------------------------
--  DDL for Table REVIEWS
--------------------------------------------------------

  CREATE TABLE "REVIEWS" (
  "GOODS_NUM" VARCHAR2(50)
  , "PURCHASE_NUM" VARCHAR2(50)
  , "REVIEW_DATE" DATE
  , "REVIEW_CONTENTS" VARCHAR2(2000)
  , "MEMBER_ID" VARCHAR2(50));
--------------------------------------------------------
--  DDL for Table WISH
--------------------------------------------------------

  CREATE TABLE "WISH" (
  "MEMBER_NUM" VARCHAR2(50)
  , "GOODS_NUM" VARCHAR2(50)
  , "WISH_DATE" DATE);
REM INSERTING into BOARD
SET DEFINE OFF;
Insert into BOARD (BOARD_NUM,BOARD_WRITER,BOARD_SUBJECT,BOARD_CONTENT) values (1,'123','123','123');
REM INSERTING into CART
SET DEFINE OFF;
Insert into CART (MEMBER_NUM,GOODS_NUM,CART_DATE,CART_QTY,CART_NUM) values ('mem_100013','goods_100006',to_date('24/11/19','RR/MM/DD'),33,34);
REM INSERTING into DELIVERY
SET DEFINE OFF;
Insert into DELIVERY (PURCHASE_NUM,DELIVERY_NUM,DELIVERY_DATE,DELIVERY_STATUS) values ('20241001092618241','123',to_date('24/10/01','RR/MM/DD'),'배송완료');
Insert into DELIVERY (PURCHASE_NUM,DELIVERY_NUM,DELIVERY_DATE,DELIVERY_STATUS) values ('202411071','333',to_date('24/11/07','RR/MM/DD'),'배송완료');
REM INSERTING into EMPLOYEES
SET DEFINE OFF;
Insert into EMPLOYEES (EMP_NUM,EMP_ID,EMP_PW,EMP_NAME,EMP_ADDR,EMP_ADDR_DETAIL,EMP_POST,EMP_PHONE,EMP_JUMIN,EMP_EMAIL,EMP_HIRE_DATE,EMP_IMAGE) values ('emp_100003','123123','$2a$10$Qm9NdrsrXJftRHq7sNVy2.O8rVXeBsJ.7UlkxrQX3jRy27jatbotG','이수형','서울 강북구 삼양로123가길 3 (수유동, 은행빌라)','123123',1027,'01011111111','123123123123','111@111222222',to_date('24/10/21','RR/MM/DD'),null);
Insert into EMPLOYEES (EMP_NUM,EMP_ID,EMP_PW,EMP_NAME,EMP_ADDR,EMP_ADDR_DETAIL,EMP_POST,EMP_PHONE,EMP_JUMIN,EMP_EMAIL,EMP_HIRE_DATE,EMP_IMAGE) values ('emp_100004','123','$2a$10$x7yGcyTUEwBdJZgEZvPaAeNYrSVdULqWUUvOLcAlvuYGhg.eMnF7C','정직원','서울 도봉구 도봉로123길 4 (쌍문동)','123123',1437,'01011111111','123123123123','111@11121',to_date('24/10/21','RR/MM/DD'),null);
REM INSERTING into GOODS
SET DEFINE OFF;
Insert into GOODS (GOODS_NUM,GOODS_NAME,GOODS_PRICE,GOODS_CONTENTS,VISIT_COUNT,GOODS_MAIN_IMAGE,GOODS_MAIN_STORE_IMAGE,GOODS_DETAIL_IMAGE,GOODS_DETAIL_STORE_IMAGE,EMP_NUM,GOODS_REGIST,UPDATE_EMP_NUM,GOODS_UPDATE_DATE) values ('goods_100015','맛도리',12321,'123123',0,'karina.jpeg','d809391ab00a4933b25cdb3c86d1d05a.jpeg','maru.jpg/sibal.jpeg/winter.jpeg/','fe727cf8cffb41d4a5eaf2dd311136ef.jpg/a582e077a85f42368ac31f7c3246f557.jpeg/ae228ad46eb744b5a81cfb63d9d24884.jpeg/','emp_100004',to_date('24/11/18','RR/MM/DD'),null,null);
Insert into GOODS (GOODS_NUM,GOODS_NAME,GOODS_PRICE,GOODS_CONTENTS,VISIT_COUNT,GOODS_MAIN_IMAGE,GOODS_MAIN_STORE_IMAGE,GOODS_DETAIL_IMAGE,GOODS_DETAIL_STORE_IMAGE,EMP_NUM,GOODS_REGIST,UPDATE_EMP_NUM,GOODS_UPDATE_DATE) values ('goods_100017','맛도리',123123,'123123123',236,'karina.jpeg','50e07bd24b0e43d88f21a46a2049d8ee.jpeg','maru.jpg/karina.jpeg/maru.jpg/winter.jpeg/','11463e4c423941f984af856e0baf5818.jpg/51c64cf6cc69499583a636f2888f9150.jpeg/9699fb08b6df4fc492473f5380b34b45.jpg/317cfc98a5ba4a1ea4927daf1a4b1285.jpeg/','emp_100004',to_date('24/11/18','RR/MM/DD'),'emp_100004',to_date('24/11/19','RR/MM/DD'));
Insert into GOODS (GOODS_NUM,GOODS_NAME,GOODS_PRICE,GOODS_CONTENTS,VISIT_COUNT,GOODS_MAIN_IMAGE,GOODS_MAIN_STORE_IMAGE,GOODS_DETAIL_IMAGE,GOODS_DETAIL_STORE_IMAGE,EMP_NUM,GOODS_REGIST,UPDATE_EMP_NUM,GOODS_UPDATE_DATE) values ('goods_100016','맛도리',3333333,'123123123',3,'karina.jpeg','491db3d382334c77b9d0587802bf9cd2.jpeg','karina.jpeg/maru.jpg/winter.jpeg/','5139a7638fce4f2d8463a0d989c0562f.jpeg/e8a9021e03454da495a43ad179a44fb9.jpg/61e21a656fa04fe0a972505e363f1cae.jpeg/','emp_100004',to_date('24/11/18','RR/MM/DD'),null,null);
Insert into GOODS (GOODS_NUM,GOODS_NAME,GOODS_PRICE,GOODS_CONTENTS,VISIT_COUNT,GOODS_MAIN_IMAGE,GOODS_MAIN_STORE_IMAGE,GOODS_DETAIL_IMAGE,GOODS_DETAIL_STORE_IMAGE,EMP_NUM,GOODS_REGIST,UPDATE_EMP_NUM,GOODS_UPDATE_DATE) values ('goods_100012','test',3333333,'333',254,'winter.jpeg','fb7145bd25504938ae37c49667db9f08.jpeg','maru.jpg/','13f7ee5223ba4063aad3a1ae4cd43d4a.jpg/','emp_100004',to_date('24/10/29','RR/MM/DD'),null,null);
Insert into GOODS (GOODS_NUM,GOODS_NAME,GOODS_PRICE,GOODS_CONTENTS,VISIT_COUNT,GOODS_MAIN_IMAGE,GOODS_MAIN_STORE_IMAGE,GOODS_DETAIL_IMAGE,GOODS_DETAIL_STORE_IMAGE,EMP_NUM,GOODS_REGIST,UPDATE_EMP_NUM,GOODS_UPDATE_DATE) values ('goods_100013','123',12321,'123',34,'sibal.jpeg','79b7daf22fee4c389424d3eb587782b0.jpeg','sibal.jpeg/','7fc9eb45c98a41bebc341b28b834db57.jpeg/','emp_100004',to_date('24/10/29','RR/MM/DD'),null,null);
Insert into GOODS (GOODS_NUM,GOODS_NAME,GOODS_PRICE,GOODS_CONTENTS,VISIT_COUNT,GOODS_MAIN_IMAGE,GOODS_MAIN_STORE_IMAGE,GOODS_DETAIL_IMAGE,GOODS_DETAIL_STORE_IMAGE,EMP_NUM,GOODS_REGIST,UPDATE_EMP_NUM,GOODS_UPDATE_DATE) values ('goods_100014','111',3333333,'111',246,'maru.jpg','a328839715494a8db57d9c27aa1f9537.jpg','maru.jpg/','96475a95373246219b58528bf2134c3f.jpg/','emp_100004',to_date('24/10/29','RR/MM/DD'),null,null);
Insert into GOODS (GOODS_NUM,GOODS_NAME,GOODS_PRICE,GOODS_CONTENTS,VISIT_COUNT,GOODS_MAIN_IMAGE,GOODS_MAIN_STORE_IMAGE,GOODS_DETAIL_IMAGE,GOODS_DETAIL_STORE_IMAGE,EMP_NUM,GOODS_REGIST,UPDATE_EMP_NUM,GOODS_UPDATE_DATE) values ('goods_100006','맛3',222,null,792,'img6.jpg','img6.jpg','right_btn.png`img6.jpg`left_btn.png','right_btn1.png`img61.jpg`left_btn1.png',null,to_date('24/09/24','RR/MM/DD'),null,to_date('24/09/24','RR/MM/DD'));
Insert into GOODS (GOODS_NUM,GOODS_NAME,GOODS_PRICE,GOODS_CONTENTS,VISIT_COUNT,GOODS_MAIN_IMAGE,GOODS_MAIN_STORE_IMAGE,GOODS_DETAIL_IMAGE,GOODS_DETAIL_STORE_IMAGE,EMP_NUM,GOODS_REGIST,UPDATE_EMP_NUM,GOODS_UPDATE_DATE) values ('goods_100007','맛4',12321,'123123',37,'cover.jpg','cover.jpg','gugudan.jpg`gugudan.jpg`gugudan.jpg','gugudan.jpg`gugudan1.jpg`gugudan2.jpg',null,to_date('24/09/24','RR/MM/DD'),null,to_date('24/09/26','RR/MM/DD'));
Insert into GOODS (GOODS_NUM,GOODS_NAME,GOODS_PRICE,GOODS_CONTENTS,VISIT_COUNT,GOODS_MAIN_IMAGE,GOODS_MAIN_STORE_IMAGE,GOODS_DETAIL_IMAGE,GOODS_DETAIL_STORE_IMAGE,EMP_NUM,GOODS_REGIST,UPDATE_EMP_NUM,GOODS_UPDATE_DATE) values ('goods_100008','맛',5555,'123123',7,'pic02.jpg','pic02.jpg','pic03.jpg`pic04.jpg`pic02.jpg','pic03.jpg`pic04.jpg`pic021.jpg',null,to_date('24/09/24','RR/MM/DD'),'emp_100004',to_date('24/10/24','RR/MM/DD'));
Insert into GOODS (GOODS_NUM,GOODS_NAME,GOODS_PRICE,GOODS_CONTENTS,VISIT_COUNT,GOODS_MAIN_IMAGE,GOODS_MAIN_STORE_IMAGE,GOODS_DETAIL_IMAGE,GOODS_DETAIL_STORE_IMAGE,EMP_NUM,GOODS_REGIST,UPDATE_EMP_NUM,GOODS_UPDATE_DATE) values ('goods_100009','맛5',6666,null,12,'img6.jpg','img62.jpg','left_btn.png`img6.jpg`right_btn.png','left_btn2.png`img63.jpg`right_btn2.png',null,to_date('24/09/24','RR/MM/DD'),null,to_date('24/09/24','RR/MM/DD'));
Insert into GOODS (GOODS_NUM,GOODS_NAME,GOODS_PRICE,GOODS_CONTENTS,VISIT_COUNT,GOODS_MAIN_IMAGE,GOODS_MAIN_STORE_IMAGE,GOODS_DETAIL_IMAGE,GOODS_DETAIL_STORE_IMAGE,EMP_NUM,GOODS_REGIST,UPDATE_EMP_NUM,GOODS_UPDATE_DATE) values ('goods_100010','맛6',12312,null,4,'img3.jpg','img33.jpg','img2.jpg`img5.jpg`img6.jpg','img23.jpg`img51.jpg`img64.jpg',null,to_date('24/09/24','RR/MM/DD'),null,to_date('24/09/26','RR/MM/DD'));
Insert into GOODS (GOODS_NUM,GOODS_NAME,GOODS_PRICE,GOODS_CONTENTS,VISIT_COUNT,GOODS_MAIN_IMAGE,GOODS_MAIN_STORE_IMAGE,GOODS_DETAIL_IMAGE,GOODS_DETAIL_STORE_IMAGE,EMP_NUM,GOODS_REGIST,UPDATE_EMP_NUM,GOODS_UPDATE_DATE) values ('goods_100011','맛도리',3333333,'333',11,'img1.jpg','369d43f2198146d588cd72569c215b3a.jpg',null,null,'emp_100004',to_date('24/10/28','RR/MM/DD'),'emp_100004',to_date('24/10/28','RR/MM/DD'));
REM INSERTING into GOODS_IPGO
SET DEFINE OFF;
Insert into GOODS_IPGO (GOODS_NUM,IPGO_NUM,IPGO_QTY,IPGO_DATE,MADE_DATE,IPGO_PRICE,EMP_NUM) values ('goods_100006','ipgo_100005',100,to_date('24/10/31','RR/MM/DD'),to_date('24/11/01','RR/MM/DD'),222,'emp_100004');
Insert into GOODS_IPGO (GOODS_NUM,IPGO_NUM,IPGO_QTY,IPGO_DATE,MADE_DATE,IPGO_PRICE,EMP_NUM) values ('goods_100011','ipgo_100001',33,to_date('24/10/01','RR/MM/DD'),to_date('24/10/29','RR/MM/DD'),3333333,'emp_100004');
Insert into GOODS_IPGO (GOODS_NUM,IPGO_NUM,IPGO_QTY,IPGO_DATE,MADE_DATE,IPGO_PRICE,EMP_NUM) values ('goods_100014','ipgo_100002',10,to_date('24/10/01','RR/MM/DD'),to_date('24/10/30','RR/MM/DD'),3333333,'emp_100004');
Insert into GOODS_IPGO (GOODS_NUM,IPGO_NUM,IPGO_QTY,IPGO_DATE,MADE_DATE,IPGO_PRICE,EMP_NUM) values ('goods_100013','ipgo_100003',0,to_date('24/10/17','RR/MM/DD'),to_date('24/10/30','RR/MM/DD'),1231231,'emp_100004');
Insert into GOODS_IPGO (GOODS_NUM,IPGO_NUM,IPGO_QTY,IPGO_DATE,MADE_DATE,IPGO_PRICE,EMP_NUM) values ('goods_100012','ipgo_100004',100,to_date('24/11/01','RR/MM/DD'),to_date('24/11/01','RR/MM/DD'),3333333,'emp_100004');
Insert into GOODS_IPGO (GOODS_NUM,IPGO_NUM,IPGO_QTY,IPGO_DATE,MADE_DATE,IPGO_PRICE,EMP_NUM) values ('goods_100017','ipgo_100006',100,to_date('24/11/01','RR/MM/DD'),to_date('24/11/19','RR/MM/DD'),333,'emp_100004');
REM INSERTING into INQUIRE
SET DEFINE OFF;
Insert into INQUIRE (INQUIRE_NUM,MEMBER_NUM,GOODS_NUM,INQUIRE_SUBJECT,INQUIRE_CONTENTS,INQUIRE_KIND,INQUIRE_DATE,INQUIRE_ANSWER,INQUIRE_ANSWER_DATE,EMP_NUM) values (2,'mem_100013','goods_100014','123','12312321321313','상품',to_date('24/11/18','RR/MM/DD'),null,null,null);
Insert into INQUIRE (INQUIRE_NUM,MEMBER_NUM,GOODS_NUM,INQUIRE_SUBJECT,INQUIRE_CONTENTS,INQUIRE_KIND,INQUIRE_DATE,INQUIRE_ANSWER,INQUIRE_ANSWER_DATE,EMP_NUM) values (1,'mem_100013','goods_100014','앙앙앙','123','상품',to_date('24/11/18','RR/MM/DD'),'알아서할게',to_date('24/11/18','RR/MM/DD'),'emp_100004');
Insert into INQUIRE (INQUIRE_NUM,MEMBER_NUM,GOODS_NUM,INQUIRE_SUBJECT,INQUIRE_CONTENTS,INQUIRE_KIND,INQUIRE_DATE,INQUIRE_ANSWER,INQUIRE_ANSWER_DATE,EMP_NUM) values (3,'mem_100013','goods_100014','언제도착함?','qwe','상품',to_date('24/11/18','RR/MM/DD'),null,null,null);
Insert into INQUIRE (INQUIRE_NUM,MEMBER_NUM,GOODS_NUM,INQUIRE_SUBJECT,INQUIRE_CONTENTS,INQUIRE_KIND,INQUIRE_DATE,INQUIRE_ANSWER,INQUIRE_ANSWER_DATE,EMP_NUM) values (4,'mem_100013','goods_100017','앙앙앙','123123123','상품(성능/사이즈)',to_date('24/11/19','RR/MM/DD'),null,null,null);
REM INSERTING into MEMBERS
SET DEFINE OFF;
Insert into MEMBERS (MEMBER_NUM,MEMBER_NAME,MEMBER_ID,MEMBER_PW,MEMBER_ADDR,MEMBER_ADDR_DETAIL,MEMBER_POST,MEMBER_REGIST,GENDER,MEMBER_PHONE1,MEMBER_PHONE2,MEMBER_EMAIL,MEMBER_BIRTH,MEMBER_POINT,MEMBER_EMAIL_CONF) values ('mem_100003','이수형','333','$2a$10$hiEhqubpswRkNvu2X/mKRemJB5P4SFLQbZ44iUDfrmS/l2gaCDAIO','부산 강서구 가덕해안로1212번길 6 (대항동)','1212',46771,to_date('24/10/15','RR/MM/DD'),'M','01012341234','01011111111','123@123',to_date('24/09/30','RR/MM/DD'),0,null);
Insert into MEMBERS (MEMBER_NUM,MEMBER_NAME,MEMBER_ID,MEMBER_PW,MEMBER_ADDR,MEMBER_ADDR_DETAIL,MEMBER_POST,MEMBER_REGIST,GENDER,MEMBER_PHONE1,MEMBER_PHONE2,MEMBER_EMAIL,MEMBER_BIRTH,MEMBER_POINT,MEMBER_EMAIL_CONF) values ('mem_100004','이준경','444','$2a$10$5VfXjKnGhZah.V2xShsAkuHRmI1kmrvmYuVs9KZE/co1VdvNoYhw2','부산 사상구 낙동대로1234번길 3 (삼락동)','123',46912,to_date('24/10/15','RR/MM/DD'),'M','01012341234',null,'144@414',to_date('24/10/02','RR/MM/DD'),0,null);
Insert into MEMBERS (MEMBER_NUM,MEMBER_NAME,MEMBER_ID,MEMBER_PW,MEMBER_ADDR,MEMBER_ADDR_DETAIL,MEMBER_POST,MEMBER_REGIST,GENDER,MEMBER_PHONE1,MEMBER_PHONE2,MEMBER_EMAIL,MEMBER_BIRTH,MEMBER_POINT,MEMBER_EMAIL_CONF) values ('mem_100005','정지원','222','$2a$10$Dch5Sb2CMsNQtzEI2FUrlu1wptzeyJNfiN/EhrhkTO.oDPmOwBWUG','부산 강서구 대저동서로222번길 7 (대저2동)','222',46719,to_date('24/10/16','RR/MM/DD'),'M','01012341234',null,'22@2222',to_date('24/10/03','RR/MM/DD'),0,null);
Insert into MEMBERS (MEMBER_NUM,MEMBER_NAME,MEMBER_ID,MEMBER_PW,MEMBER_ADDR,MEMBER_ADDR_DETAIL,MEMBER_POST,MEMBER_REGIST,GENDER,MEMBER_PHONE1,MEMBER_PHONE2,MEMBER_EMAIL,MEMBER_BIRTH,MEMBER_POINT,MEMBER_EMAIL_CONF) values ('mem_100013','이수형','tkdltk9','$2a$10$M5BLWCwEpXoTaQb38y7OxOQ3xZuF79/S3MRsoCGxXlpGNIN1C1smW','서울 서초구 과천대로 786 (방배동)','123',6761,to_date('24/10/22','RR/MM/DD'),'M','01046121399','123123123123','tkdltk9@naver.com',to_date('24/10/02','RR/MM/DD'),0,'Y');
REM INSERTING into PAYMENT
SET DEFINE OFF;
Insert into PAYMENT (PURCHASE_NUM,CONFIRMNUMBER,CARDNUM,TID,TOTALPRICE,RESULTMESSAGE,PAYMETHOD,APPLDATE,APPTIME) values ('202411071','30015055','949094*********8','StdpayCARDINIpayTest20241107171021790597',3222,'정상처리되었습니다.','Card','20241107','171022');
Insert into PAYMENT (PURCHASE_NUM,CONFIRMNUMBER,CARDNUM,TID,TOTALPRICE,RESULTMESSAGE,PAYMETHOD,APPLDATE,APPTIME) values ('20241001092618241','30014672','949094*********4','StdpayCARDINIpayTest20241001093643961872',1110,'정상처리되었습니다.','Card','20241001','093644');
REM INSERTING into PURCHASE
SET DEFINE OFF;
Insert into PURCHASE (PURCHASE_NUM,PURCHASE_DATE,PURCHASE_PRICE,DELIVERY_ADDR,DELIVERY_ADDR_DETAIL,DELIVERY_POST,DELIVERY_PHONE,MESSAGE,PURCHASE_STATUS,MEMBER_NUM,DELIVERY_NAME,PURCHASE_NAME) values ('202411061',to_date('24/11/06','RR/MM/DD'),3222,null,null,null,null,null,'입금대기중','mem_100013',null,'맛3 외 0개');
Insert into PURCHASE (PURCHASE_NUM,PURCHASE_DATE,PURCHASE_PRICE,DELIVERY_ADDR,DELIVERY_ADDR_DETAIL,DELIVERY_POST,DELIVERY_PHONE,MESSAGE,PURCHASE_STATUS,MEMBER_NUM,DELIVERY_NAME,PURCHASE_NAME) values ('202411071',to_date('24/11/07','RR/MM/DD'),3222,'서울 강북구 삼양로123가길 3 (수유동, 은행빌라)','123',1027,'123','123','구매확정','mem_100013','이수형','맛3 외 0개');
Insert into PURCHASE (PURCHASE_NUM,PURCHASE_DATE,PURCHASE_PRICE,DELIVERY_ADDR,DELIVERY_ADDR_DETAIL,DELIVERY_POST,DELIVERY_PHONE,MESSAGE,PURCHASE_STATUS,MEMBER_NUM,DELIVERY_NAME,PURCHASE_NAME) values ('202411072',to_date('24/11/07','RR/MM/DD'),3333333,'서울 강북구 삼양로123가길 3 (수유동, 은행빌라)','123',1027,'123','123','입금대기중','mem_100013','이수형','111 외 0개');
Insert into PURCHASE (PURCHASE_NUM,PURCHASE_DATE,PURCHASE_PRICE,DELIVERY_ADDR,DELIVERY_ADDR_DETAIL,DELIVERY_POST,DELIVERY_PHONE,MESSAGE,PURCHASE_STATUS,MEMBER_NUM,DELIVERY_NAME,PURCHASE_NAME) values ('202411051',to_date('24/11/05','RR/MM/DD'),23333331,'서울 관악구 복은길 67 (신림동)','123',8835,'123','123','입금대기중','mem_100013','이수형','111 외 0개');
Insert into PURCHASE (PURCHASE_NUM,PURCHASE_DATE,PURCHASE_PRICE,DELIVERY_ADDR,DELIVERY_ADDR_DETAIL,DELIVERY_POST,DELIVERY_PHONE,MESSAGE,PURCHASE_STATUS,MEMBER_NUM,DELIVERY_NAME,PURCHASE_NAME) values ('202411052',to_date('24/11/05','RR/MM/DD'),23333331,'서울 관악구 복은길 67 (신림동)','123',8835,'123','123','입금대기중','mem_100013','이수형','111 외 0개');
Insert into PURCHASE (PURCHASE_NUM,PURCHASE_DATE,PURCHASE_PRICE,DELIVERY_ADDR,DELIVERY_ADDR_DETAIL,DELIVERY_POST,DELIVERY_PHONE,MESSAGE,PURCHASE_STATUS,MEMBER_NUM,DELIVERY_NAME,PURCHASE_NAME) values ('202411053',to_date('24/11/05','RR/MM/DD'),23333331,'서울 강북구 삼양로123길 1 (수유동)','123',1030,'123','123','입금대기중','mem_100013','이수형','111 외 0개');
Insert into PURCHASE (PURCHASE_NUM,PURCHASE_DATE,PURCHASE_PRICE,DELIVERY_ADDR,DELIVERY_ADDR_DETAIL,DELIVERY_POST,DELIVERY_PHONE,MESSAGE,PURCHASE_STATUS,MEMBER_NUM,DELIVERY_NAME,PURCHASE_NAME) values ('202411191',to_date('24/11/19','RR/MM/DD'),13912899,null,null,null,null,null,'입금대기중','mem_100013',null,'맛도리 외 0개');
Insert into PURCHASE (PURCHASE_NUM,PURCHASE_DATE,PURCHASE_PRICE,DELIVERY_ADDR,DELIVERY_ADDR_DETAIL,DELIVERY_POST,DELIVERY_PHONE,MESSAGE,PURCHASE_STATUS,MEMBER_NUM,DELIVERY_NAME,PURCHASE_NAME) values ('20240926171914959',to_date('24/09/26','RR/MM/DD'),12321,null,null,null,null,null,'결제대기중','mem_100013','123','맛4외 0 개');
Insert into PURCHASE (PURCHASE_NUM,PURCHASE_DATE,PURCHASE_PRICE,DELIVERY_ADDR,DELIVERY_ADDR_DETAIL,DELIVERY_POST,DELIVERY_PHONE,MESSAGE,PURCHASE_STATUS,MEMBER_NUM,DELIVERY_NAME,PURCHASE_NAME) values ('20241001092618241',to_date('24/10/01','RR/MM/DD'),1110,null,null,null,null,null,'구매확정','mem_100013',null,'맛3외 0 개');
REM INSERTING into PURCHASE_LIST
SET DEFINE OFF;
Insert into PURCHASE_LIST (GOODS_NUM,PURCHASE_NUM,PURCHASE_QTY,GOODS_UNIT_PRICE) values ('goods_100006','202411061',1,222);
Insert into PURCHASE_LIST (GOODS_NUM,PURCHASE_NUM,PURCHASE_QTY,GOODS_UNIT_PRICE) values ('goods_100006','202411071',1,222);
Insert into PURCHASE_LIST (GOODS_NUM,PURCHASE_NUM,PURCHASE_QTY,GOODS_UNIT_PRICE) values ('goods_100014','202411072',1,3333333);
Insert into PURCHASE_LIST (GOODS_NUM,PURCHASE_NUM,PURCHASE_QTY,GOODS_UNIT_PRICE) values ('goods_100014','202411053',7,23333331);
Insert into PURCHASE_LIST (GOODS_NUM,PURCHASE_NUM,PURCHASE_QTY,GOODS_UNIT_PRICE) values ('goods_100017','202411191',113,13912899);
Insert into PURCHASE_LIST (GOODS_NUM,PURCHASE_NUM,PURCHASE_QTY,GOODS_UNIT_PRICE) values ('goods_100007','20240926171914959',1,12321);
Insert into PURCHASE_LIST (GOODS_NUM,PURCHASE_NUM,PURCHASE_QTY,GOODS_UNIT_PRICE) values ('goods_100006','20241001092618241',5,1110);
REM INSERTING into RETIRED
SET DEFINE OFF;
REM INSERTING into REVIEWS
SET DEFINE OFF;
Insert into REVIEWS (GOODS_NUM,PURCHASE_NUM,REVIEW_DATE,REVIEW_CONTENTS,MEMBER_ID) values ('goods_100006','20241001092618241',to_date('24/11/18','RR/MM/DD'),'123','tkdltk9');
Insert into REVIEWS (GOODS_NUM,PURCHASE_NUM,REVIEW_DATE,REVIEW_CONTENTS,MEMBER_ID) values ('goods_100006','202411071',to_date('24/11/18','RR/MM/DD'),'123123','tkdltk9');
REM INSERTING into WISH
SET DEFINE OFF;
Insert into WISH (MEMBER_NUM,GOODS_NUM,WISH_DATE) values ('mem_100013','goods_100014',to_date('24/11/18','RR/MM/DD'));
Insert into WISH (MEMBER_NUM,GOODS_NUM,WISH_DATE) values ('mem_100013','goods_100013',to_date('24/11/04','RR/MM/DD'));
Insert into WISH (MEMBER_NUM,GOODS_NUM,WISH_DATE) values ('mem_100013','goods_100012',to_date('24/11/05','RR/MM/DD'));
--------------------------------------------------------
--  Constraints for Table CART
--------------------------------------------------------

  ALTER TABLE "CART" MODIFY ("MEMBER_NUM" NOT NULL ENABLE);
  ALTER TABLE "CART" MODIFY ("GOODS_NUM" NOT NULL ENABLE);
  ALTER TABLE "CART" ADD CONSTRAINT "PK_CART" PRIMARY KEY ("MEMBER_NUM", "GOODS_NUM") USING INDEX  ENABLE;
  ALTER TABLE "CART" MODIFY ("CART_NUM" NOT NULL ENABLE);
  desc cart;
--------------------------------------------------------
--  Constraints for Table DELIVERY
--------------------------------------------------------

  ALTER TABLE "DELIVERY" MODIFY ("PURCHASE_NUM" NOT NULL ENABLE);
  ALTER TABLE "DELIVERY" ADD CONSTRAINT "PK_DELIVERY" PRIMARY KEY ("PURCHASE_NUM") USING INDEX  ENABLE;
--------------------------------------------------------
--  Constraints for Table EMPLOYEES
--------------------------------------------------------

  ALTER TABLE "EMPLOYEES" MODIFY ("EMP_NUM" NOT NULL ENABLE);
  ALTER TABLE "EMPLOYEES" ADD CONSTRAINT "PK_EMPLOYEES" PRIMARY KEY ("EMP_NUM") USING INDEX  ENABLE;
--------------------------------------------------------
--  Constraints for Table GOODS
--------------------------------------------------------

  ALTER TABLE "GOODS" MODIFY ("GOODS_NUM" NOT NULL ENABLE);
  ALTER TABLE "GOODS" ADD CONSTRAINT "PK_GOODS" PRIMARY KEY ("GOODS_NUM") USING INDEX  ENABLE;
--------------------------------------------------------
--  Constraints for Table GOODS_IPGO
--------------------------------------------------------

  ALTER TABLE "GOODS_IPGO" MODIFY ("GOODS_NUM" NOT NULL ENABLE);
  ALTER TABLE "GOODS_IPGO" MODIFY ("IPGO_NUM" NOT NULL ENABLE);
  ALTER TABLE "GOODS_IPGO" ADD CONSTRAINT "PK_GOODS_IPGO" PRIMARY KEY ("GOODS_NUM", "IPGO_NUM") USING INDEX  ENABLE;
--------------------------------------------------------
--  Constraints for Table INQUIRE
--------------------------------------------------------

  ALTER TABLE "INQUIRE" MODIFY ("INQUIRE_NUM" NOT NULL ENABLE);
  ALTER TABLE "INQUIRE" MODIFY ("MEMBER_NUM" NOT NULL ENABLE);
  ALTER TABLE "INQUIRE" MODIFY ("GOODS_NUM" NOT NULL ENABLE);
  ALTER TABLE "INQUIRE" ADD CONSTRAINT "PK_INQUIRE" PRIMARY KEY ("INQUIRE_NUM", "MEMBER_NUM", "GOODS_NUM") USING INDEX  ENABLE;
--------------------------------------------------------
--  Constraints for Table MEMBERS
--------------------------------------------------------

  ALTER TABLE "MEMBERS" MODIFY ("MEMBER_NUM" NOT NULL ENABLE);
  ALTER TABLE "MEMBERS" ADD CONSTRAINT "PK_MEMBERS" PRIMARY KEY ("MEMBER_NUM") USING INDEX  ENABLE;
--------------------------------------------------------
--  Constraints for Table PAYMENT
--------------------------------------------------------

  ALTER TABLE "PAYMENT" MODIFY ("PURCHASE_NUM" NOT NULL ENABLE);
  ALTER TABLE "PAYMENT" ADD CONSTRAINT "PK_PAYMENT" PRIMARY KEY ("PURCHASE_NUM") USING INDEX  ENABLE;
--------------------------------------------------------
--  Constraints for Table PURCHASE
--------------------------------------------------------

  ALTER TABLE "PURCHASE" MODIFY ("PURCHASE_NUM" NOT NULL ENABLE);
  ALTER TABLE "PURCHASE" ADD CONSTRAINT "PK_PURCHASE" PRIMARY KEY ("PURCHASE_NUM") USING INDEX  ENABLE;
--------------------------------------------------------
--  Constraints for Table PURCHASE_LIST
--------------------------------------------------------

  ALTER TABLE "PURCHASE_LIST" MODIFY ("GOODS_NUM" NOT NULL ENABLE);
  ALTER TABLE "PURCHASE_LIST" MODIFY ("PURCHASE_NUM" NOT NULL ENABLE);
  ALTER TABLE "PURCHASE_LIST" ADD CONSTRAINT "PK_PURCHASE_LIST" PRIMARY KEY ("GOODS_NUM", "PURCHASE_NUM") USING INDEX  ENABLE;
--------------------------------------------------------
--  Constraints for Table RETIRED
--------------------------------------------------------

  ALTER TABLE "RETIRED" MODIFY ("EMP_NUM" NOT NULL ENABLE);
  ALTER TABLE "RETIRED" ADD CONSTRAINT "PK_RETIRED" PRIMARY KEY ("EMP_NUM") USING INDEX  ENABLE;
--------------------------------------------------------
--  Constraints for Table REVIEWS
--------------------------------------------------------

  ALTER TABLE "REVIEWS" ADD CONSTRAINT "PK_REVIEWS" PRIMARY KEY ("GOODS_NUM", "PURCHASE_NUM") USING INDEX  ENABLE;
  ALTER TABLE "REVIEWS" MODIFY ("GOODS_NUM" NOT NULL ENABLE);
  ALTER TABLE "REVIEWS" MODIFY ("PURCHASE_NUM" NOT NULL ENABLE);
--------------------------------------------------------
--  Constraints for Table WISH
--------------------------------------------------------

  ALTER TABLE "WISH" MODIFY ("MEMBER_NUM" NOT NULL ENABLE);
  ALTER TABLE "WISH" MODIFY ("GOODS_NUM" NOT NULL ENABLE);
  ALTER TABLE "WISH" ADD CONSTRAINT "PK_WISH" PRIMARY KEY ("MEMBER_NUM", "GOODS_NUM") USING INDEX  ENABLE;
--------------------------------------------------------
--  Ref Constraints for Table CART
--------------------------------------------------------

  ALTER TABLE "CART" ADD CONSTRAINT "FK_MEMBERS_TO_CART" FOREIGN KEY ("MEMBER_NUM") REFERENCES "MEMBERS" ("MEMBER_NUM") ON DELETE CASCADE ENABLE;
  ALTER TABLE "CART" ADD CONSTRAINT "FK_GOODS_TO_CART" FOREIGN KEY ("GOODS_NUM") REFERENCES "GOODS" ("GOODS_NUM") ON DELETE CASCADE ENABLE;
--------------------------------------------------------
--  Ref Constraints for Table DELIVERY
--------------------------------------------------------

  ALTER TABLE "DELIVERY" ADD CONSTRAINT "FK_PURCHASE_TO_DELIVERY" FOREIGN KEY ("PURCHASE_NUM") REFERENCES "PURCHASE" ("PURCHASE_NUM") ENABLE;
--------------------------------------------------------
--  Ref Constraints for Table GOODS
--------------------------------------------------------

  ALTER TABLE "GOODS" ADD CONSTRAINT "FK_EMPLOYEES_TO_GOODS" FOREIGN KEY ("EMP_NUM") REFERENCES "EMPLOYEES" ("EMP_NUM") ON DELETE SET NULL ENABLE;
  ALTER TABLE "GOODS" ADD CONSTRAINT "FK_EMPLOYEES_TO_GOODS2" FOREIGN KEY ("UPDATE_EMP_NUM") REFERENCES "EMPLOYEES" ("EMP_NUM") ON DELETE SET NULL ENABLE;
--------------------------------------------------------
--  Ref Constraints for Table GOODS_IPGO
--------------------------------------------------------

  ALTER TABLE "GOODS_IPGO" ADD CONSTRAINT "FK_EMPLOYEES_TO_GOODS_IPGO" FOREIGN KEY ("EMP_NUM") REFERENCES "EMPLOYEES" ("EMP_NUM") ON DELETE SET NULL ENABLE;
  ALTER TABLE "GOODS_IPGO" ADD CONSTRAINT "FK_GOODS_TO_GOODS_IPGO" FOREIGN KEY ("GOODS_NUM") REFERENCES "GOODS" ("GOODS_NUM") ON DELETE CASCADE ENABLE;
--------------------------------------------------------
--  Ref Constraints for Table INQUIRE
--------------------------------------------------------

  ALTER TABLE "INQUIRE" ADD CONSTRAINT "FK_MEMBERS_TO_INQUIRE" FOREIGN KEY ("MEMBER_NUM") REFERENCES "MEMBERS" ("MEMBER_NUM") ON DELETE CASCADE ENABLE;
  ALTER TABLE "INQUIRE" ADD CONSTRAINT "FK_GOODS_TO_INQUIRE" FOREIGN KEY ("GOODS_NUM") REFERENCES "GOODS" ("GOODS_NUM") ON DELETE CASCADE ENABLE;
  ALTER TABLE "INQUIRE" ADD CONSTRAINT "FK_EMPLOYEES_TO_INQUIRE" FOREIGN KEY ("EMP_NUM") REFERENCES "EMPLOYEES" ("EMP_NUM") ON DELETE SET NULL ENABLE;
--------------------------------------------------------
--  Ref Constraints for Table PAYMENT
--------------------------------------------------------

  ALTER TABLE "PAYMENT" ADD CONSTRAINT "FK_PURCHASE_TO_PAYMENT" FOREIGN KEY ("PURCHASE_NUM") REFERENCES "PURCHASE" ("PURCHASE_NUM") ENABLE;
--------------------------------------------------------
--  Ref Constraints for Table PURCHASE
--------------------------------------------------------

  ALTER TABLE "PURCHASE" ADD CONSTRAINT "FK_MEMBERS_TO_PURCHASE" FOREIGN KEY ("MEMBER_NUM") REFERENCES "MEMBERS" ("MEMBER_NUM") ON DELETE SET NULL ENABLE;
--------------------------------------------------------
--  Ref Constraints for Table PURCHASE_LIST
--------------------------------------------------------

  ALTER TABLE "PURCHASE_LIST" ADD CONSTRAINT "FK_GOODS_TO_PURCHASE_LIST" FOREIGN KEY ("GOODS_NUM") REFERENCES "GOODS" ("GOODS_NUM") ENABLE;
  ALTER TABLE "PURCHASE_LIST" ADD CONSTRAINT "FK_PURCHASE_TO_PURCHASE_LIST" FOREIGN KEY ("PURCHASE_NUM") REFERENCES "PURCHASE" ("PURCHASE_NUM") ON DELETE CASCADE ENABLE;
--------------------------------------------------------
--  Ref Constraints for Table WISH
--------------------------------------------------------

  ALTER TABLE "WISH" ADD CONSTRAINT "FK_MEMBERS_TO_WISH" FOREIGN KEY ("MEMBER_NUM") REFERENCES "MEMBERS" ("MEMBER_NUM") ON DELETE CASCADE ENABLE;
  ALTER TABLE "WISH" ADD CONSTRAINT "FK_GOODS_TO_WISH" FOREIGN KEY ("GOODS_NUM") REFERENCES "GOODS" ("GOODS_NUM") ON DELETE CASCADE ENABLE;
